id,question,expected_answer,route,route_reason,retrieved_chunks,bm25_scores,top1_relevance_percent,best_top3_relevance_percent,top1_success,top3_success,retrieval_latency_seconds,error
1,What is information security?,"Information security is the protection of information and information systems from unauthorized access, use, disclosure, disruption, modification, or destruction.",DOCUMENT_RETRIEVAL,The query matches the knowledge base topic: 'information security'.,"287,536,600","1.7882,1.4994,1.3751",40.0,40.0,1,1,0.0149,
2,What are the primary objectives of information security?,"The primary objectives are confidentiality, integrity, and availability of information and information systems.",DOCUMENT_RETRIEVAL,The query matches the knowledge base topic: 'information security'.,"550,33,32","3.0593,2.9736,2.7844",28.57,28.57,1,1,0.014,
3,What is confidentiality?,"Confidentiality means preserving authorized restrictions on access and disclosure of information, including protecting personal privacy and proprietary information.",OUTSIDE_KNOWLEDGE_BASE,No relevant knowledge-base topic was detected.,,,0,0.0,0,0,0.0,
4,What is integrity?,Integrity means guarding against improper information modification or destruction and ensuring information authenticity and non-repudiation.,OUTSIDE_KNOWLEDGE_BASE,No relevant knowledge-base topic was detected.,,,0,0.0,0,0,0.0,
5,What is availability?,Availability means ensuring timely and reliable access to and use of information and information systems by authorized users.,OUTSIDE_KNOWLEDGE_BASE,No relevant knowledge-base topic was detected.,,,0,0.0,0,0,0.0,
6,Why is information security important to an organization?,"Information security helps an organization protect its information and systems, support business operations, reduce risks, and meet legal, regulatory, and organizational requirements.",DOCUMENT_RETRIEVAL,The query matches the knowledge base topic: 'information security'.,"340,535,33","4.2218,3.9296,2.7679",25.0,37.5,1,1,0.0096,
7,What is an information security program?,"An information security program is an organized set of policies, procedures, processes, resources, and activities used to protect an organization's information and information systems.",DOCUMENT_RETRIEVAL,The query matches the knowledge base topic: 'information security'.,"574,138,555","5.1204,3.6084,2.8606",41.67,50.0,1,1,0.0109,
8,Who is responsible for information security in an organization?,"Information security is an organization-wide responsibility. Senior management provides leadership and accountability, while managers, security personnel, system owners, and users have responsibilities within their roles.",DOCUMENT_RETRIEVAL,The query matches the knowledge base topic: 'information security'.,"286,282,393","4.9425,3.467,3.1892",33.33,38.1,1,1,0.0118,
9,What is risk management?,"Risk management is the process of identifying, assessing, and taking appropriate steps to reduce or otherwise manage risks to an organization's operations, assets, and individuals.",DOCUMENT_RETRIEVAL,The query matches the knowledge base topic: 'risk management'.,"588,591,593","1.943,1.8164,1.5692",31.25,43.75,1,1,0.0117,
10,Why is risk management important for information security?,"Risk management helps organizations understand threats and vulnerabilities, determine potential impacts, prioritize security activities, and make informed decisions about protecting information and systems.",DOCUMENT_RETRIEVAL,The query matches the knowledge base topic: 'information security'.,"340,514,343","4.5251,2.905,2.7888",20.0,45.0,1,1,0.0119,
11,What is a security risk?,"A security risk is the potential for harm or loss resulting from threats exploiting vulnerabilities and affecting organizational operations, assets, or individuals.",DOCUMENT_RETRIEVAL,The query matches the knowledge base topic: 'security'.,"596,594,515","4.9587,2.4914,1.8341",21.43,28.57,1,1,0.0048,
12,What is a vulnerability?,"A vulnerability is a weakness in an information system, security procedure, internal control, or implementation that could be exploited by a threat source.",OUTSIDE_KNOWLEDGE_BASE,No relevant knowledge-base topic was detected.,,,0,0.0,0,0,0.0,
13,What is a threat?,"A threat is any circumstance or event with the potential to adversely impact organizational operations, assets, or individuals through unauthorized access, destruction, disclosure, modification, or denial of service.",OUTSIDE_KNOWLEDGE_BASE,No relevant knowledge-base topic was detected.,,,0,0.0,0,0,0.0,
14,What is a threat source?,"A threat source is the intent and method targeted at the intentional exploitation of a vulnerability, or a situation and method that may accidentally exploit a vulnerability.",OUTSIDE_KNOWLEDGE_BASE,No relevant knowledge-base topic was detected.,,,0,0.0,0,0,0.0,
15,What is a security control?,"A security control is a management, operational, or technical safeguard or countermeasure used to protect the confidentiality, integrity, and availability of information and information systems.",DOCUMENT_RETRIEVAL,The query matches the knowledge base topic: 'security'.,"600,287,382","3.5772,2.3026,1.8164",38.46,38.46,1,1,0.0065,
16,What are the three broad categories of security controls?,"Security controls are generally categorized as management controls, operational controls, and technical controls.",DOCUMENT_RETRIEVAL,The query matches the knowledge base topic: 'security controls'.,"441,287,427","4.5762,4.488,3.5573",28.57,57.14,1,1,0.0137,
17,What are management controls?,"Management controls focus on the management of information security risk and include activities such as risk assessment, security planning, and security policies.",OUTSIDE_KNOWLEDGE_BASE,No relevant knowledge-base topic was detected.,,,0,0.0,0,0,0.0,
18,What are operational controls?,"Operational controls are security controls implemented and executed by people, such as personnel security, physical and environmental protection, and contingency planning.",OUTSIDE_KNOWLEDGE_BASE,No relevant knowledge-base topic was detected.,,,0,0.0,0,0,0.0,
19,What are technical controls?,"Technical controls are security controls implemented through technology, such as identification and authentication, access control, audit mechanisms, and system protections.",OUTSIDE_KNOWLEDGE_BASE,No relevant knowledge-base topic was detected.,,,0,0.0,0,0,0.002,
20,What is a security policy?,A security policy establishes management direction and organizational requirements for protecting information and information systems.,DOCUMENT_RETRIEVAL,The query matches the knowledge base topic: 'security policy'.,"579,454,550","2.888,2.2389,1.9796",10.0,40.0,0,1,0.0101,
21,Why should senior management be involved in information security?,"Senior management provides leadership, establishes priorities, allocates resources, sets organizational direction, and is ultimately accountable for protecting organizational information and systems.",DOCUMENT_RETRIEVAL,The query matches the knowledge base topic: 'information security'.,"340,317,97","2.8614,2.7898,2.6033",12.5,37.5,0,1,0.0134,
22,What is security awareness?,"Security awareness helps personnel understand information security risks, responsibilities, policies, and appropriate security practices.",DOCUMENT_RETRIEVAL,The query matches the knowledge base topic: 'security awareness'.,"536,138,537","3.581,2.1807,1.9613",36.36,63.64,1,1,0.0111,
23,Why is security awareness important?,"Security awareness helps users recognize security threats and follow organizational security policies and procedures, reducing risks caused by human error or inappropriate behavior.",DOCUMENT_RETRIEVAL,The query matches the knowledge base topic: 'security awareness'.,"535,536,137","3.6613,2.0593,2.0232",17.65,23.53,0,1,0.0118,
24,What is security training?,Security training provides personnel with the knowledge and skills needed to perform their security-related responsibilities and protect organizational information and systems.,DOCUMENT_RETRIEVAL,The query matches the knowledge base topic: 'security'.,"536,537,130","4.3114,3.6784,1.3251",60.0,66.67,1,1,0.0074,
25,What is an information security plan?,"An information security plan documents the security requirements, controls, responsibilities, and safeguards for protecting an information system.",DOCUMENT_RETRIEVAL,The query matches the knowledge base topic: 'information security'.,"582,58,49","3.94,1.8112,1.8112",50.0,50.0,1,1,0.0146,
26,What is contingency planning?,Contingency planning prepares an organization to respond to and recover from disruptions that affect information systems and critical operations.,DOCUMENT_RETRIEVAL,The query matches the knowledge base topic: 'contingency planning'.,"584,585,325","4.9617,2.9241,1.2184",33.33,50.0,1,1,0.0085,
27,Why is contingency planning important?,"Contingency planning helps organizations maintain or restore critical functions after disruptions and reduces the impact of system failures, disasters, or other adverse events.",DOCUMENT_RETRIEVAL,The query matches the knowledge base topic: 'contingency planning'.,"320,584,325","2.0016,1.9806,1.9106",16.67,27.78,0,1,0.0111,
28,What is incident response?,"Incident response is the process of preparing for, detecting, analyzing, containing, eradicating, and recovering from information security incidents.",DOCUMENT_RETRIEVAL,The query matches the knowledge base topic: 'incident response'.,"482,622,618","1.6304,1.6026,1.4428",33.33,33.33,1,1,0.0104,
29,Why is incident response important?,"Incident response enables organizations to detect and handle security incidents effectively, limit damage, restore services, and reduce the likelihood of recurrence.",DOCUMENT_RETRIEVAL,The query matches the knowledge base topic: 'incident response'.,"619,481,482","3.1769,2.1477,1.9772",37.5,37.5,1,1,0.0102,
30,What is access control?,Access control regulates who or what can access information systems and the resources or information they are authorized to use.,DOCUMENT_RETRIEVAL,The query matches the knowledge base topic: 'access control'.,"287,286,430","2.3272,2.1077,0.7194",37.5,37.5,1,1,0.0093,
31,What is identification and authentication?,"Identification establishes the identity of a user or process, while authentication verifies that claimed identity before access is granted.",OUTSIDE_KNOWLEDGE_BASE,No relevant knowledge-base topic was detected.,,,0,0.0,0,0,0.0,
32,Why is least privilege important?,"Least privilege limits users and processes to only the access and privileges necessary to perform assigned tasks, reducing the potential impact of misuse or compromise.",OUTSIDE_KNOWLEDGE_BASE,No relevant knowledge-base topic was detected.,,,0,0.0,0,0,0.0,
33,What is separation of duties?,Separation of duties divides critical responsibilities among different individuals or roles so that no single person has excessive control over a sensitive process.,OUTSIDE_KNOWLEDGE_BASE,No relevant knowledge-base topic was detected.,,,0,0.0,0,0,0.0,
34,What is audit and accountability?,"Audit and accountability involve recording, examining, and monitoring system activities so actions can be traced to responsible users or processes.",OUTSIDE_KNOWLEDGE_BASE,No relevant knowledge-base topic was detected.,,,0,0.0,0,0,0.0,
35,Why are security logs important?,"Security logs provide records of system and user activities that can support monitoring, incident detection, investigation, accountability, and compliance.",DOCUMENT_RETRIEVAL,The query matches the knowledge base topic: 'security'.,"624,124,495","4.2892,1.7799,1.7245",21.43,28.57,1,1,0.0103,
36,What is configuration management?,Configuration management establishes and maintains the integrity of system configurations throughout the system life cycle.,OUTSIDE_KNOWLEDGE_BASE,No relevant knowledge-base topic was detected.,,,0,0.0,0,0,0.0,
37,Why is configuration management important?,"Configuration management helps organizations control system changes, maintain approved configurations, reduce vulnerabilities, and prevent unauthorized or unintended modifications.",OUTSIDE_KNOWLEDGE_BASE,No relevant knowledge-base topic was detected.,,,0,0.0,0,0,0.0,
38,What is security assessment?,"Security assessment evaluates the effectiveness of security controls and determines whether controls are implemented correctly, operating as intended, and producing the desired security outcomes.",DOCUMENT_RETRIEVAL,The query matches the knowledge base topic: 'security'.,"600,381,601","4.0004,1.3212,1.1317",64.29,64.29,1,1,0.0097,
39,Why are security assessments performed?,"Security assessments identify weaknesses, determine whether security controls are effective, support risk management, and help organizations improve their security posture.",DOCUMENT_RETRIEVAL,The query matches the knowledge base topic: 'security'.,"601,88,380","1.9473,1.731,1.7049",31.25,43.75,1,1,0.0083,
40,What is continuous monitoring?,"Continuous monitoring provides ongoing awareness of information security, vulnerabilities, threats, and changes to systems and environments so organizations can make timely risk decisions.",OUTSIDE_KNOWLEDGE_BASE,No relevant knowledge-base topic was detected.,,,0,0.0,0,0,0.0,
41,What is defense in depth?,Defense in depth uses multiple layers of security controls and protections so that failure of one control does not necessarily result in a successful compromise.,OUTSIDE_KNOWLEDGE_BASE,No relevant knowledge-base topic was detected.,,,0,0.0,0,0,0.0,
42,What is physical and environmental protection?,"Physical and environmental protection safeguards facilities, systems, and information from physical threats and environmental hazards such as unauthorized physical access, fire, power problems, and other disruptions.",OUTSIDE_KNOWLEDGE_BASE,No relevant knowledge-base topic was detected.,,,0,0.0,0,0,0.0,
43,What is personnel security?,"Personnel security includes measures that ensure individuals with access to information and systems are appropriately authorized, trained, and managed throughout their employment or association with an organization.",DOCUMENT_RETRIEVAL,The query matches the knowledge base topic: 'security'.,"617,536,537","1.9998,1.6476,1.2397",16.67,22.22,0,1,0.0092,
44,What is media protection?,"Media protection safeguards information stored on digital and physical media from unauthorized access, use, disclosure, modification, or destruction.",OUTSIDE_KNOWLEDGE_BASE,No relevant knowledge-base topic was detected.,,,0,0.0,0,0,0.0,
45,What is system and communications protection?,"System and communications protection safeguards information systems and communications infrastructure against unauthorized access, use, disclosure, disruption, modification, and destruction.",OUTSIDE_KNOWLEDGE_BASE,No relevant knowledge-base topic was detected.,,,0,0.0,0,0,0.0,
46,What is system development life cycle security?,"System development life cycle security integrates information security requirements and controls throughout the planning, development, implementation, operation, maintenance, and disposal of systems.",DOCUMENT_RETRIEVAL,The query matches the knowledge base topic: 'system development life cycle'.,"100,511,342","3.1033,2.9078,2.5237",62.5,68.75,1,1,0.0105,
47,Why should security be integrated into the system development life cycle?,Integrating security throughout the system development life cycle helps identify and address security requirements and risks early rather than treating security as an afterthought.,DOCUMENT_RETRIEVAL,The query matches the knowledge base topic: 'system development life cycle'.,"100,342,511","5.2749,3.4565,3.2632",35.29,35.29,1,1,0.0129,
48,What is privacy in information security?,"Privacy involves protecting individuals and their information from inappropriate collection, use, disclosure, or handling while meeting applicable organizational and legal requirements.",DOCUMENT_RETRIEVAL,The query matches the knowledge base topic: 'information security'.,"287,424,67","3.3348,1.9879,1.8096",6.25,18.75,0,0,0.011,
49,How does information security support organizational business objectives?,"Information security supports business objectives by protecting information and systems, enabling reliable operations, managing risks, protecting organizational assets, and supporting compliance with applicable requirements.",DOCUMENT_RETRIEVAL,The query matches the knowledge base topic: 'information security'.,"33,48,459","5.0647,3.4735,2.5901",38.89,38.89,1,1,0.0107,
50,What is the role of managers in information security?,"Managers help establish and enforce security requirements, allocate resources, ensure personnel understand their responsibilities, manage risks, and oversee the protection of information and systems within their areas of responsibility.",DOCUMENT_RETRIEVAL,The query matches the knowledge base topic: 'information security'.,"555,33,65","4.7462,3.3096,3.2527",18.18,36.36,0,1,0.0147,
